{"name": "homework6", "version": "1.0", "location": {"callable": {"who_rulez": ["game/script.rpy", 43]}, "screen": {"load": ["game/screens.rpy", 592], "help": ["game/screens.rpy", 972], "say": ["game/screens.rpy", 97], "notify": ["game/screens.rpy", 1255], "keyboard_help": ["game/screens.rpy", 1001], "gamepad_help": ["game/screens.rpy", 1071], "preferences": ["game/screens.rpy", 714], "confirm": ["game/screens.rpy", 1137], "mouse_help": ["game/screens.rpy", 1048], "input": ["game/screens.rpy", 174], "save": ["game/screens.rpy", 585], "skip_indicator": ["game/screens.rpy", 1200], "file_slots": ["game/screens.rpy", 599], "choice": ["game/screens.rpy", 207], "game_menu": ["game/screens.rpy", 421], "main_menu": ["game/screens.rpy", 355], "nvl": ["game/screens.rpy", 1294], "quick_menu": ["game/screens.rpy", 1416], "about": ["game/screens.rpy", 547], "nvl_dialogue": ["game/screens.rpy", 1326], "navigation": ["game/screens.rpy", 292], "history": ["game/screens.rpy", 880]}, "define": {"gui.accent_color": ["game/gui.rpy", 26], "gui.interface_text_size": ["game/gui.rpy", 74], "build.name": ["game/options.rpy", 44], "gui.bar_tile": ["game/gui.rpy", 319], "gui.nvl_thought_xpos": ["game/gui.rpy", 397], "gui.slot_button_text_idle_color": ["game/gui.rpy", 233], "config.history_length": ["game/gui.rpy", 343], "config.after_load_transition": ["game/options.rpy", 91], "gui.page_spacing": ["game/gui.rpy", 274], "gui.page_button_borders": ["game/gui.rpy", 191], "gui.idle_color": ["game/gui.rpy", 29], "config.window": ["game/options.rpy", 113], "gui.slider_tile": ["game/gui.rpy", 321], "gui.main_menu_text_xalign": ["game/gui.rpy", 280], "gui.nvl_button_xalign": ["game/gui.rpy", 404], "gui.nvl_text_ypos": ["game/gui.rpy", 391], "gui.frame_borders": ["game/gui.rpy", 289], "gui.nvl_list_length": ["game/gui.rpy", 372], "gui.slot_button_borders": ["game/gui.rpy", 230], "gui.scrollbar_borders": ["game/gui.rpy", 325], "config.enter_transition": ["game/options.rpy", 80], "gui.pref_spacing": ["game/gui.rpy", 268], "gui.dialogue_text_xalign": ["game/gui.rpy", 142], "gui.nvl_text_xpos": ["game/gui.rpy", 390], "config.window_icon": ["game/options.rpy", 158], "gui.muted_color": ["game/gui.rpy", 48], "b": ["game/script.rpy", 25], "gui.dialogue_ypos": ["game/gui.rpy", 134], "config.has_sound": ["game/options.rpy", 53], "gui.button_text_font": ["game/gui.rpy", 163], "gui.nvl_name_ypos": ["game/gui.rpy", 385], "gui.game_menu_background": ["game/gui.rpy", 90], "h": ["game/script.rpy", 32], "gui.choice_button_text_hover_color": ["game/gui.rpy", 217], "gui.nvl_button_xpos": ["game/gui.rpy", 403], "p": ["game/script.rpy", 24], "gui.name_xalign": ["game/gui.rpy", 114], "gui.namebox_borders": ["game/gui.rpy", 123], "gui.frame_tile": ["game/gui.rpy", 301], "gui.nvl_text_xalign": ["game/gui.rpy", 393], "gui.vbar_borders": ["game/gui.rpy", 329], "config.end_game_transition": ["game/options.rpy", 96], "gui.slot_button_text_size": ["game/gui.rpy", 231], "l": ["game/script.rpy", 26], "gui.dialogue_xpos": ["game/gui.rpy", 133], "gui.namebox_height": ["game/gui.rpy", 119], "config.version": ["game/options.rpy", 26], "gui.history_text_width": ["game/gui.rpy", 359], "gui.radio_button_borders": ["game/gui.rpy", 185], "gui.button_text_size": ["game/gui.rpy", 166], "config.window_hide_transition": ["game/options.rpy", 119], "gui.about": ["game/options.rpy", 32], "gui.vslider_borders": ["game/gui.rpy", 331], "gui.navigation_spacing": ["game/gui.rpy", 265], "gui.choice_button_borders": ["game/gui.rpy", 212], "config.intra_transition": ["game/options.rpy", 86], "gui.slot_button_width": ["game/gui.rpy", 228], "gui.choice_button_text_xalign": ["game/gui.rpy", 215], "gui.show_name": ["game/options.rpy", 21], "gui.slot_button_text_selected_hover_color": ["game/gui.rpy", 235], "gui.title_text_size": ["game/gui.rpy", 83], "gui.slot_button_text_selected_idle_color": ["game/gui.rpy", 234], "gui.button_text_idle_color": ["game/gui.rpy", 169], "gui.notify_frame_borders": ["game/gui.rpy", 298], "c": ["game/script.rpy", 30], "gui.navigation_xpos": ["game/gui.rpy", 253], "gui.slot_button_height": ["game/gui.rpy", 229], "gui.history_text_ypos": ["game/gui.rpy", 358], "config.nvl_list_length": ["game/screens.rpy", 1346], "gui.notify_text_size": ["game/gui.rpy", 80], "s": ["game/script.rpy", 31], "config.has_voice": ["game/options.rpy", 55], "gui.selected_color": ["game/gui.rpy", 41], "w": ["game/script.rpy", 28], "gui.history_text_xpos": ["game/gui.rpy", 357], "gui.skip_frame_borders": ["game/gui.rpy", 295], "gui.confirm_button_text_xalign": ["game/gui.rpy", 189], "gui.text_font": ["game/gui.rpy", 59], "gui.history_name_xpos": ["game/gui.rpy", 351], "gui.main_menu_background": ["game/gui.rpy", 89], "gui.button_width": ["game/gui.rpy", 152], "gui.button_text_selected_color": ["game/gui.rpy", 171], "gui.nvl_thought_ypos": ["game/gui.rpy", 398], "config.save_directory": ["game/options.rpy", 151], "gui.skip_ypos": ["game/gui.rpy", 256], "gui.namebox_tile": ["game/gui.rpy", 127], "gui.nvl_text_width": ["game/gui.rpy", 392], "gui.hover_color": ["game/gui.rpy", 36], "gui.interface_text_color": ["game/gui.rpy", 53], "config.thumbnail_width": ["game/gui.rpy", 238], "gui.idle_small_color": ["game/gui.rpy", 33], "config.exit_transition": ["game/options.rpy", 81], "gui.button_text_xalign": ["game/gui.rpy", 176], "gui.name_xpos": ["game/gui.rpy", 108], "gui.name_text_size": ["game/gui.rpy", 71], "gui.history_text_xalign": ["game/gui.rpy", 360], "gui.file_slot_rows": ["game/gui.rpy", 243], "gui.button_text_insensitive_color": ["game/gui.rpy", 172], "gui.hover_muted_color": ["game/gui.rpy", 49], "gui.scrollbar_size": ["game/gui.rpy", 314], "gui.quick_button_text_selected_color": ["game/gui.rpy", 196], "gui.nvl_thought_width": ["game/gui.rpy", 399], "gui.history_height": ["game/gui.rpy", 347], "gui.text_size": ["game/gui.rpy", 68], "gui.unscrollable": ["game/gui.rpy", 335], "gui.choice_button_text_font": ["game/gui.rpy", 213], "gui.slot_spacing": ["game/gui.rpy", 277], "gui.quick_button_text_idle_color": ["game/gui.rpy", 195], "config.window_show_transition": ["game/options.rpy", 118], "config.narrator_menu": ["game/screens.rpy", 217], "gui.nvl_height": ["game/gui.rpy", 376], "gui.choice_button_height": ["game/gui.rpy", 210], "gui.nvl_spacing": ["game/gui.rpy", 380], "quick_menu": ["game/screens.rpy", 271], "gui.insensitive_color": ["game/gui.rpy", 44], "gui.bar_borders": ["game/gui.rpy", 324], "gui.dialogue_width": ["game/gui.rpy", 137], "gui.scrollbar_tile": ["game/gui.rpy", 320], "gui.quick_button_text_size": ["game/gui.rpy", 194], "config.has_music": ["game/options.rpy", 54], "gui.textbox_height": ["game/gui.rpy", 98], "gui.file_slot_cols": ["game/gui.rpy", 242], "r": ["game/script.rpy", 23], "gui.text_color": ["game/gui.rpy", 52], "v": ["game/script.rpy", 22], "gui.history_name_xalign": ["game/gui.rpy", 354], "config.name": ["game/options.rpy", 15], "gui.button_text_hover_color": ["game/gui.rpy", 170], "gui.textbox_yalign": ["game/gui.rpy", 102], "gui.nvl_name_width": ["game/gui.rpy", 386], "gui.choice_button_text_idle_color": ["game/gui.rpy", 216], "gui.button_borders": ["game/gui.rpy", 156], "gui.button_tile": ["game/gui.rpy", 160], "gui.choice_button_tile": ["game/gui.rpy", 211], "gui.history_name_width": ["game/gui.rpy", 353], "gui.language": ["game/gui.rpy", 412], "gui.notify_ypos": ["game/gui.rpy", 259], "gui.nvl_name_xalign": ["game/gui.rpy", 387], "gui.label_text_size": ["game/gui.rpy", 77], "persistent.dialogueBoxOpacity": ["game/options.rpy", 36], "gui.nvl_thought_xalign": ["game/gui.rpy", 400], "gui.namebox_width": ["game/gui.rpy", 118], "gui.choice_button_text_insensitive_color": ["game/gui.rpy", 218], "gui.slider_borders": ["game/gui.rpy", 326], "gui.history_allow_tags": ["game/screens.rpy", 922], "gui.name_text_font": ["game/gui.rpy", 62], "gui.name_ypos": ["game/gui.rpy", 109], "gui.nvl_borders": ["game/gui.rpy", 368], "a": ["game/script.rpy", 27], "menuset": ["game/script.rpy", 124], "gui.pref_button_spacing": ["game/gui.rpy", 271], "config.thumbnail_height": ["game/gui.rpy", 239], "gui.bar_size": ["game/gui.rpy", 313], "gui.choice_button_width": ["game/gui.rpy", 209], "gui.interface_text_font": ["game/gui.rpy", 65], "i": ["game/script.rpy", 29], "gui.history_name_ypos": ["game/gui.rpy", 352], "gui.slot_button_text_xalign": ["game/gui.rpy", 232], "gui.nvl_name_xpos": ["game/gui.rpy", 384], "gui.confirm_frame_borders": ["game/gui.rpy", 292], "gui.slider_size": ["game/gui.rpy", 315], "gui.button_height": ["game/gui.rpy", 153], "gui.check_button_borders": ["game/gui.rpy", 187], "gui.choice_spacing": ["game/gui.rpy", 262], "gui.quick_button_borders": ["game/gui.rpy", 193], "gui.choice_button_text_size": ["game/gui.rpy", 214], "gui.vscrollbar_borders": ["game/gui.rpy", 330]}, "transform": {"delayed_blink": ["game/screens.rpy", 1218], "notify_appear": ["game/screens.rpy", 1266]}, "label": {"sure": ["game/script.rpy", 139], "end": ["game/script.rpy", 191], "success": ["game/script.rpy", 74], "skip": ["game/script.rpy", 148], "ult": ["game/script.rpy", 125], "start": ["game/script.rpy", 36], "ultra": ["game/script.rpy", 159]}}, "error": false, "size": [1280, 720], "build": {"documentation_patterns": ["*.html", "*.txt"], "directory_name": "homework6-1.0", "display_name": "homework6", "mac_info_plist": {}, "script_version": true, "include_i686": true, "destination": "homework6-1.0-dists", "renpy": false, "allow_integrated_gpu": true, "include_update": false, "merge": [["linux_i686", "linux"], ["windows_i686", "windows"]], "base_patterns": [["*.py", null], ["*.sh", null], ["*.app/", null], ["*.dll", null], ["*.manifest", null], ["lib/", null], ["renpy/", null], ["update/", null], ["common/", null], ["update/", null], ["old-game/", null], ["icon.ico", null], ["icon.icns", null], ["project.json", null], ["log.txt", null], ["errors.txt", null], ["traceback.txt", null], ["image_cache.txt", null], ["text_overflow.txt", null], ["dialogue.txt", null], ["dialogue.tab", null], ["profile_screen.txt", null], ["files.txt", null], ["memory.txt", null], ["tmp/", null], ["game/saves/", null], ["game/bytecode.rpyb", null], ["archived/", null], ["launcherinfo.py", null], ["android.txt", null], ["game/presplash*.*", ["all"]], [".android.json", ["android"]], ["android-*.png", ["android"]], ["android-*.jpg", ["android"]], ["ouya_icon.png", null], ["ios-presplash.*", ["ios"]], ["ios-launchimage.png", null], ["ios-icon.png", null], ["web-presplash.png", ["web"]], ["web-presplash.jpg", ["web"]], ["web-presplash.webp", ["web"]], ["progressive_download.txt", ["web"]], ["steam_appid.txt", null], ["**~", null], ["**.bak", null], ["**/.**", null], ["**/#**", null], ["**/thumbs.db", null], [".*", null], ["**", ["all"]]], "version": "1.0", "change_icon_i686": true, "archives": [["archive", ["all"]]], "xbit_patterns": ["**.sh", "lib/linux-*/*", "lib/mac-*/*", "**.app/Contents/MacOS/*"], "exclude_empty_directories": true, "renpy_patterns": [["renpy/common/_compat/**", null], ["renpy/common/_roundrect/**", null], ["renpy/common/_outline/**", null], ["renpy/common/_theme**", null], ["**~", null], ["**/#*", null], ["**/.*", null], ["**.old", null], ["**.new", null], ["**.rpa", null], ["**/*.pyc", null], ["**/steam_appid.txt", null], ["renpy.py", ["all"]], ["renpy/", ["all"]], ["renpy/**.py", ["renpy"]], ["renpy/**.pyx", ["renpy"]], ["renpy/**.pyd", ["renpy"]], ["renpy/**.pxi", ["renpy"]], ["renpy/common/", ["all"]], ["renpy/common/_compat/**", ["renpy"]], ["renpy/common/**.rpy", ["renpy"]], ["renpy/common/**.rpym", ["renpy"]], ["renpy/common/_compat/**", ["renpy"]], ["renpy/common/**", ["all"]], ["renpy/**", ["all"]], ["lib/*/renpy", null], ["lib/*/renpy.exe", null], ["lib/*/pythonw.exe", null], ["lib/windows-i686/**", ["windows_i686"]], ["lib/windows-x86_64/**", ["windows"]], ["lib/linux-i686/**", ["linux_i686"]], ["lib/linux-*/**", ["linux"]], ["lib/mac-*/**", ["mac"]], ["lib/**", ["windows", "linux", "mac", "android", "ios"]], ["renpy.sh", ["linux", "mac"]]], "packages": [{"dlc": false, "hidden": false, "description": "PC: Windows and Linux", "formats": ["zip"], "file_lists": ["windows", "linux", "renpy", "all"], "update": true, "name": "pc"}, {"dlc": false, "hidden": false, "description": "Linux", "formats": ["tar.bz2"], "file_lists": ["linux", "renpy", "all"], "update": true, "name": "linux"}, {"dlc": false, "hidden": false, "description": "Macintosh", "formats": ["app-zip", "app-dmg"], "file_lists": ["mac", "renpy", "all"], "update": true, "name": "mac"}, {"dlc": false, "hidden": false, "description": "Windows", "formats": ["zip"], "file_lists": ["windows", "renpy", "all"], "update": true, "name": "win"}, {"dlc": false, "hidden": false, "description": "Windows, Mac, Linux for Markets", "formats": ["zip"], "file_lists": ["windows", "linux", "mac", "renpy", "all"], "update": true, "name": "market"}, {"dlc": false, "hidden": true, "description": "steam", "formats": ["zip"], "file_lists": ["windows", "linux", "mac", "renpy", "all"], "update": true, "name": "steam"}, {"dlc": true, "hidden": true, "description": "android", "formats": ["directory"], "file_lists": ["android", "all"], "update": false, "name": "android"}, {"dlc": true, "hidden": true, "description": "ios", "formats": ["directory"], "file_lists": ["ios", "all"], "update": false, "name": "ios"}, {"dlc": true, "hidden": true, "description": "web", "formats": ["zip"], "file_lists": ["web", "all"], "update": false, "name": "web"}], "executable_name": "homework6"}}